<?xml version="1.0" encoding="UTF-8"?>
<project-private xmlns="http://www.netbeans.org/ns/project-private/1">
    <editor-bookmarks xmlns="http://www.netbeans.org/ns/editor-bookmarks/2" lastBookmarkId="0"/>
    <open-files xmlns="http://www.netbeans.org/ns/projectui-open-files/2">
        <group>
            <file>file:/H:/JavaInfoAcademy/Sedinta03/src/modificatori1/A.java</file>
            <file>file:/H:/JavaInfoAcademy/Sedinta03/src/modificatori1/B.java</file>
            <file>file:/H:/JavaInfoAcademy/Sedinta03/src/modificatori2/C.java</file>
            <file>file:/H:/JavaInfoAcademy/Sedinta03/src/pachetul3/clasaInPachetul3.java</file>
            <file>file:/H:/JavaInfoAcademy/Sedinta03/src/aplicatie/Radio.java</file>
            <file>file:/H:/JavaInfoAcademy/Sedinta03/src/demo/Pistol.java</file>
        </group>
    </open-files>
</project-private>
